{"color":{"r":1,"b":0.4705882352941175,"g":0.4392156862745098,"a":1},"index":13,"category":"Colors"}