{"color":{"r":0.9100233843537415,"b":0.4242708191232302,"g":0.4070760380531237,"a":1},"index":13,"category":"Colors"}