{"color":{"r":0.3143693506717682,"b":0.7598996162414551,"g":0.8883756995201111,"a":1},"index":5,"category":"Colors"}