{"color":{"r":0.196078431372549,"b":0.3098039215686275,"g":0.2509803921568628,"a":1},"index":7,"category":"Colors"}