{"color":{"r":0.879000783,"b":0.5461920449,"g":0.06114692241,"a":1},"index":16,"category":"Colors"}