{"color":{"r":0.984313725490196,"b":0.5098039215686274,"g":0.5058823529411764,"a":1},"index":8,"category":"Colors"}