{"color":{"r":0,"b":0.5529411764705883,"g":0.7411764705882353,"a":1},"name":"中绿","category":"Colors","index":0}