{"color":{"r":0.8980392156862745,"b":0.9058823529411765,"g":0.9019607843137255,"a":1},"name":"淡线框","category":"Colors","index":15}