{"color":{"r":0.2902216315,"b":0.2902374566,"g":0.2901752889,"a":1},"name":"兰亭黑细色号","category":"Colors","index":11}