{"color":{"r":0.7490196078431373,"b":0.7490196078431373,"g":0.7490196078431373,"a":1},"name":"BFBFBF","category":"Colors","index":14}