{"color":{"r":0.4793749612475198,"b":0.5345982142857143,"g":0.5161904632729828,"a":1},"name":"IOS灰","category":"Colors","index":3}