{"color":{"r":0.2835629961953117,"b":0.807530824829932,"g":0.5711543607842389,"a":1},"index":12,"category":"Colors"}