{"color":{"r":0.9333333333333333,"b":0.9333333333333333,"g":0.9333333333333333,"a":1},"index":9,"category":"Colors"}