{"color":{"r":0.9529411764705882,"b":0.9529411764705882,"g":0.9529411764705882,"a":1},"index":6,"category":"Colors"}