{"color":{"r":0.816203773021698,"b":0.1066960170865059,"g":0.007513228338211775,"a":1},"name":"默认红","category":"Colors","index":10}